<config xmlns="urn:ietf:params:xml:ns:netconf:base:1.0">
 <ietf-ipsec xmlns="http://example.net/ietf-ipsec" xmlns:nc="urn:ietf:params:xml:ns:netconf:base:1.0">
<ipsec>
  <spd>
	<spd-entry>
		<rule-number>RULE_IN</rule-number>
		<priority>0</priority>
		<names>
			<name>in/REMOTE_ADDRESS/32/LOCAL_ADDRESS/32</name>
		</names>
		<condition>
			<traffic-selector-list>
				<ts-number>102</ts-number>
				<direction>INBOUND</direction>
				<local-addresses>
					<start>REMOTE_ADDRESS/32</start>
 					<end>REMOTE_ADDRESS/32</end>
				</local-addresses>
				<remote-addresses>
					<start>LOCAL_ADDRESS/32</start>
					<end>LOCAL_ADDRESS/32</end>
				</remote-addresses>
				<next-layer-protocol>TCP</next-layer-protocol>
				<local-ports>
					<start>0</start>
					<end>0</end>
				</local-ports>
				<remote-ports>
					<start>0</start>
					<end>0</end>
				</remote-ports>
			</traffic-selector-list>
		</condition>
		<processing-info>
			<action>PROTECT</action>
			<ipsec-sa-cfg>
				<security-protocol>esp</security-protocol>
				<mode>TRANSPORT</mode>
			</ipsec-sa-cfg>
		</processing-info>
	</spd-entry>
	<spd-entry>
		<rule-number>RULE_OUT</rule-number>
		<priority>0</priority>
		<names>
			<name>out/LOCAL_ADDRESS/32/REMOTE_ADDRESS/32</name>
		</names>
		<condition>
			<traffic-selector-list>
				<ts-number>2</ts-number>
				<direction>OUTBOUND</direction>
				<local-addresses>
					<start>LOCAL_ADDRESS/32</start>
 					<end>LOCAL_ADDRESS/32</end>
				</local-addresses>
				<remote-addresses>
					<start>REMOTE_ADDRESS/32</start>
					<end>REMOTE_ADDRESS/32</end>
				</remote-addresses>
				<next-layer-protocol>TCP</next-layer-protocol>
				<local-ports>
					<start>0</start>
					<end>0</end>
				</local-ports>
				<remote-ports>
					<start>0</start>
					<end>0</end>
				</remote-ports>
			</traffic-selector-list>
		</condition>
		<processing-info>
			<action>PROTECT</action>
			<ipsec-sa-cfg>
				<security-protocol>esp</security-protocol>
				<mode>TRANSPORT</mode>
			</ipsec-sa-cfg>
		</processing-info>
	</spd-entry>
	<spd-entry>
		<rule-number>RULE_FWD</rule-number>
		<priority>0</priority>
		<names>
			<name>fwd/REMOTE_ADDRESS/32/LOCAL_ADDRESS/32</name>
		</names>
		<condition>
			<traffic-selector-list>
				<ts-number>103</ts-number>
				<direction>FORWARD</direction>
				<local-addresses>
					<start>REMOTE_ADDRESS/32</start>
 					<end>REMOTE_ADDRESS/32</end>
				</local-addresses>
				<remote-addresses>
					<start>LOCAL_ADDRESS/32</start>
					<end>LOCAL_ADDRESS/32</end>
				</remote-addresses>
				<next-layer-protocol>TCP</next-layer-protocol>
				<local-ports>
					<start>0</start>
					<end>0</end>
				</local-ports>
				<remote-ports>
					<start>0</start>
					<end>0</end>
				</remote-ports>
			</traffic-selector-list>
		</condition>
		<processing-info>
			<action>PROTECT</action>
			<ipsec-sa-cfg>
				<security-protocol>esp</security-protocol>
				<mode>TRANSPORT</mode>
			</ipsec-sa-cfg>
		</processing-info>
	</spd-entry>
  </spd>
<sad>
	<sad-entry>
		<spi>SPI_OUT</spi> <!-- SPIb1=SPI2 in B-->
		<seq-number>100</seq-number>
		<anti-replay-window>0</anti-replay-window>
		<rule-number>0</rule-number>
		<local-addresses>
			<start>LOCAL_ADDRESS/32</start>
 			<end>LOCAL_ADDRESS/32</end>
		</local-addresses>
		<remote-addresses>
			<start>REMOTE_ADDRESS/32</start>
			<end>REMOTE_ADDRESS/32</end>
		</remote-addresses>
		<next-layer-protocol>TCP</next-layer-protocol>
		<local-ports>
			<start>0</start>
			<end>0</end>
		</local-ports>
		<remote-ports>
			<start>0</start>
			<end>0</end>
		</remote-ports>
		<security-protocol>esp</security-protocol>
		<esp-sa>
			<encryption>
				<encryption-algorithm>3des</encryption-algorithm>
				<key>ENC_KEY</key>
				<iv>VECTOR</iv>
			</encryption>
			<integrity>
				<integrity-algorithm>hmac-md5-128</integrity-algorithm>
				<key>INT_KEY</key>
			</integrity>
		</esp-sa>
		<mode>TRANSPORT</mode>
	</sad-entry>
	<sad-entry>
		<spi>SPI_IN</spi> <!-- SPIa1=SPI1 in A-->
		<anti-replay-window>32</anti-replay-window>
		<rule-number>0</rule-number>
		<local-addresses>
			<start>REMOTE_ADDRESS/32</start>
 			<end>REMOTE_ADDRESS/32</end>
		</local-addresses>
		<remote-addresses>
			<start>LOCAL_ADDRESS/32</start>
			<end>LOCAL_ADDRESS/32</end>
		</remote-addresses>
		<next-layer-protocol>TCP</next-layer-protocol>
		<local-ports>
			<start>0</start>
			<end>0</end>
		</local-ports>
		<remote-ports>
			<start>0</start>
			<end>0</end>
		</remote-ports>
		<security-protocol>esp</security-protocol>
		<esp-sa>
			<encryption>
				<encryption-algorithm>3des</encryption-algorithm>
				<key>ENC_KEY</key>
				<iv>VECTOR</iv>
			</encryption>
			<integrity>
				<integrity-algorithm>hmac-md5-128</integrity-algorithm>
				<key>INT_KEY</key>
			</integrity>
		</esp-sa>
		<mode>TRANSPORT</mode>
		<sad-lifetime-soft>
			<bytes>10000000</bytes>
			<packets>10000</packets>
			<added>25</added>
			<used>111</used>
		</sad-lifetime-soft>
		<sad-lifetime-hard>
			<bytes>20000000</bytes>
			<packets>20000</packets>
			<added>60</added>
			<used>222</used>
		</sad-lifetime-hard>
	</sad-entry>
</sad>
</ipsec>
</ietf-ipsec>
</config>
