<config xmlns="urn:ietf:params:xml:ns:netconf:base:1.0">
<ietf-ipsec xmlns="http://example.net/ietf-ipsec" xmlns:nc="urn:ietf:params:xml:ns:netconf:base:1.0">
<ipsec>
<sad>
  <sad-entry>
          <spi>SPI_OUT</spi> <!-- SPIb1=SPI2 in B-->
          <seq-number>100</seq-number>
          <anti-replay-window>0</anti-replay-window>
          <rule-number>0</rule-number>
          <local-addresses>
                  <start>LOCAL_INTERNAL</start>
                  <end>LOCAL_INTERNAL</end>
          </local-addresses>
          <remote-addresses>
                  <start>REMOTE_INTERNAL</start>
                  <end>REMOTE_INTERNAL</end>
          </remote-addresses>
          <next-layer-protocol>TCP</next-layer-protocol>
          <local-ports>
                  <start>0</start>
                  <end>0</end>
          </local-ports>
          <remote-ports>
                  <start>0</start>
                  <end>0</end>
          </remote-ports>
          <security-protocol>esp</security-protocol>
          <esp-sa>
                  <encryption>
                          <encryption-algorithm>des</encryption-algorithm>
                          <key>ENC_KEY</key>
                          <iv>VECTOR</iv>
                  </encryption>
          </esp-sa>
          <mode>TUNNEL</mode>
          <tunnel>
          <local>LOCAL_ADDRESS</local>
          <remote>REMOTE_ADDRESS</remote>
          </tunnel>
          <sad-lifetime-soft>
                  <bytes>1000000</bytes>
                  <packets>1000</packets>
                  <added>120</added>
                  <used>111</used>
          </sad-lifetime-soft>
          <sad-lifetime-hard>
                  <bytes>2000000</bytes>
                  <packets>2000</packets>
                  <added>140</added>
                  <used>121</used>
          </sad-lifetime-hard>
  </sad-entry>
</sad>
</ipsec>
</ietf-ipsec>
</config>

